{
  "baseline": {
    "per_channel_db": [
      3.977329429092576,
      4.8634183195674785,
      3.485512067417784,
      3.7449751197179526
    ],
    "average_db": 4.017808733948947
  },
  "yours": {
    "per_channel_db": [
      11.195372386126463,
      9.664579092997638,
      9.948465099971928,
      8.731299394565626
    ],
    "average_db": 9.884928993415413
  }
}